<?xml version="1.0"?>
<!DOCTYPE hibernate-mapping PUBLIC
        "-//Hibernate/Hibernate Mapping DTD 3.0//EN"
        "http://hibernate.sourceforge.net/hibernate-mapping-3.0.dtd">


<hibernate-mapping>

    <class name="onetomany.Employee" table="EMPLOYEE">
    	<id name="emp_id" column="EMP_ID" />
 		<property name="emp_name"/>
      	<property name="emp_salary"/>
      		<set name="addresses" table="ADDRESS" cascade="all,delete-orphan">
      			<key column="EMPLOYEE_EID"/>
      			<one-to-many class="onetomany.Address"/>
      		</set>
    </class>
    
    <class name="onetomany.Address" table="ADDRESS">
    	<id name="aid" column="ADD_ID" />
       	<property name="street"/>
      	<property name="city"/>
      	
      	<many-to-one name="empobj"  class="onetomany.Employee"/>
    </class>
</hibernate-mapping>

